{
  "timestamp": "2025-10-23 19:14:59",
  "seed": 42,
  "model": {
    "model": "quadratic",
    "a": 2.057672861887051e-07,
    "b": -0.0121980573823259,
    "r_squared": 0.9998677485782141,
    "formula": "time = 2.06e-07 * size\u00b2 + -0.012198"
  },
  "results": [
    {
      "image_size": 512,
      "num_trials": 10,
      "mean": 0.04808978190412745,
      "std": 0.006135045917458805,
      "min": 0.04259566799737513,
      "max": 0.060455118014942855,
      "p50": 0.0455262905015843,
      "p95": 0.05897581230819923,
      "stage_stats": {
        "thumbnail": {
          "mean": 0.006750570400618017,
          "std": 0.0011316404021813823
        },
        "compression": {
          "mean": 0.008965059195179492,
          "std": 0.0012020842077580343
        },
        "metadata": {
          "mean": 0.01923535859968979,
          "std": 0.0014925463596331683
        },
        "conversion": {
          "mean": 0.013027799502015113,
          "std": 0.0042761305965894406
        }
      }
    },
    {
      "image_size": 1024,
      "num_trials": 10,
      "mean": 0.18070815950050018,
      "std": 0.008443750341672268,
      "min": 0.17204702101298608,
      "max": 0.20172936300514266,
      "p50": 0.1783370159973856,
      "p95": 0.195285592059372,
      "stage_stats": {
        "thumbnail": {
          "mean": 0.0223056710063247,
          "std": 0.0006160124181031218
        },
        "compression": {
          "mean": 0.03608676339790691,
          "std": 0.0027256554022193624
        },
        "metadata": {
          "mean": 0.07629298179817852,
          "std": 0.006140580517895907
        },
        "conversion": {
          "mean": 0.04589065269974526,
          "std": 0.0013603944241426954
        }
      }
    },
    {
      "image_size": 2048,
      "num_trials": 10,
      "mean": 0.8710923432052369,
      "std": 0.10694342972337767,
      "min": 0.7587488260178361,
      "max": 1.0570850060030352,
      "p50": 0.8304030460130889,
      "p95": 1.051326512612286,
      "stage_stats": {
        "thumbnail": {
          "mean": 0.09189878340694121,
          "std": 0.00871843365787385
        },
        "compression": {
          "mean": 0.16829034419497474,
          "std": 0.016331224155969888
        },
        "metadata": {
          "mean": 0.35290494850778487,
          "std": 0.06251628032629393
        },
        "conversion": {
          "mean": 0.2543616897048196,
          "std": 0.056122857687250144
        }
      }
    },
    {
      "image_size": 4096,
      "num_trials": 10,
      "mean": 3.436273538102978,
      "std": 0.38069210494755795,
      "min": 3.004608729010215,
      "max": 4.408074826002121,
      "p50": 3.3140062120073708,
      "p95": 4.135567978605104,
      "stage_stats": {
        "thumbnail": {
          "mean": 0.3874266856990289,
          "std": 0.051122584454192876
        },
        "compression": {
          "mean": 0.7145938223984558,
          "std": 0.10274145092893032
        },
        "metadata": {
          "mean": 1.427285788700101,
          "std": 0.2855454888944769
        },
        "conversion": {
          "mean": 0.8960854632023256,
          "std": 0.08942263434783985
        }
      }
    }
  ]
}