{
  "timestamp": "2025-10-26 23:06:25",
  "seed": 42,
  "model": {
    "model": "quadratic",
    "a": 1.7099013205346125e-07,
    "b": 0.0016654777540409116,
    "r_squared": 0.9999039500142294,
    "formula": "time = 1.71e-07 * size\u00b2 + 0.001665"
  },
  "results": [
    {
      "image_size": 512,
      "num_trials": 10,
      "mean": 0.042571400402812286,
      "std": 0.004504618483489325,
      "min": 0.040348081034608185,
      "max": 0.05599307001102716,
      "p50": 0.04106618551304564,
      "p95": 0.04965423232060855,
      "stage_stats": {
        "thumbnail": {
          "mean": 0.0058927530015353115,
          "std": 0.0002984547476903352
        },
        "compression": {
          "mean": 0.00785059800837189,
          "std": 0.0021430876311834446
        },
        "metadata": {
          "mean": 0.01759199311491102,
          "std": 0.0010271089805662802
        },
        "conversion": {
          "mean": 0.011129567492753267,
          "std": 0.0009094344992004056
        }
      }
    },
    {
      "image_size": 1024,
      "num_trials": 10,
      "mean": 0.17016620989888906,
      "std": 0.005326464008202042,
      "min": 0.16741829604143277,
      "max": 0.18523219099733979,
      "p50": 0.1679168950067833,
      "p95": 0.18006623553228562,
      "stage_stats": {
        "thumbnail": {
          "mean": 0.020618680596817283,
          "std": 0.00013312521587310322
        },
        "compression": {
          "mean": 0.03384347478859127,
          "std": 0.0012409160151337806
        },
        "metadata": {
          "mean": 0.07069266069447622,
          "std": 0.0020436506169501842
        },
        "conversion": {
          "mean": 0.04489641590625979,
          "std": 0.0019521232364730584
        }
      }
    },
    {
      "image_size": 2048,
      "num_trials": 10,
      "mean": 0.7374868711922318,
      "std": 0.060907863786882475,
      "min": 0.6986815159907565,
      "max": 0.9023603329551406,
      "p50": 0.704079445975367,
      "p95": 0.8487188691273331,
      "stage_stats": {
        "thumbnail": {
          "mean": 0.0780209895921871,
          "std": 0.000644996850132307
        },
        "compression": {
          "mean": 0.15040366520988754,
          "std": 0.014026241711176826
        },
        "metadata": {
          "mean": 0.2917700491088908,
          "std": 0.015132592732074696
        },
        "conversion": {
          "mean": 0.21405893160845152,
          "std": 0.04868636177185434
        }
      }
    },
    {
      "image_size": 4096,
      "num_trials": 10,
      "mean": 2.8664805924054235,
      "std": 0.23427651660849502,
      "min": 2.734596108959522,
      "max": 3.544783285993617,
      "p50": 2.777489180996781,
      "p95": 3.2832857763423813,
      "stage_stats": {
        "thumbnail": {
          "mean": 0.3106500987894833,
          "std": 0.0056677889345417955
        },
        "compression": {
          "mean": 0.6002692508045584,
          "std": 0.12942690269264473
        },
        "metadata": {
          "mean": 1.1367612902016844,
          "std": 0.012000206605300217
        },
        "conversion": {
          "mean": 0.809677390701836,
          "std": 0.11580526926327767
        }
      }
    }
  ]
}